{
    "name": "root",
    "gauges": {
        "MyBehavior.Policy.Entropy.mean": {
            "value": 1.3050222396850586,
            "min": 1.3050222396850586,
            "max": 1.3427351713180542,
            "count": 14
        },
        "MyBehavior.Policy.Entropy.sum": {
            "value": 65188.47265625,
            "min": 65188.47265625,
            "max": 67275.5390625,
            "count": 14
        },
        "MyBehavior.Environment.EpisodeLength.mean": {
            "value": 14.105326512187782,
            "min": 14.105326512187782,
            "max": 16.4811320754717,
            "count": 14
        },
        "MyBehavior.Environment.EpisodeLength.sum": {
            "value": 46872.0,
            "min": 46642.0,
            "max": 47433.0,
            "count": 14
        },
        "MyBehavior.Policy.ExtrinsicValueEstimate.mean": {
            "value": 0.8371661901473999,
            "min": 0.47398242354393005,
            "max": 0.8371661901473999,
            "count": 14
        },
        "MyBehavior.Policy.ExtrinsicValueEstimate.sum": {
            "value": 2899.943603515625,
            "min": 1506.7901611328125,
            "max": 2899.943603515625,
            "count": 14
        },
        "MyBehavior.Environment.CumulativeReward.mean": {
            "value": 0.9205537165212158,
            "min": 0.4499370277078086,
            "max": 0.9205537165212158,
            "count": 14
        },
        "MyBehavior.Environment.CumulativeReward.sum": {
            "value": 3059.0,
            "min": 1429.0,
            "max": 3059.0,
            "count": 14
        },
        "MyBehavior.Policy.ExtrinsicReward.mean": {
            "value": 0.9205537165212158,
            "min": 0.4499370277078086,
            "max": 0.9205537165212158,
            "count": 14
        },
        "MyBehavior.Policy.ExtrinsicReward.sum": {
            "value": 3059.0,
            "min": 1429.0,
            "max": 3059.0,
            "count": 14
        },
        "MyBehavior.Losses.PolicyLoss.mean": {
            "value": 0.022461742100616293,
            "min": 0.022127069504931568,
            "max": 0.026379838238159814,
            "count": 14
        },
        "MyBehavior.Losses.PolicyLoss.sum": {
            "value": 0.11230871050308147,
            "min": 0.09821315921532611,
            "max": 0.13189919119079907,
            "count": 14
        },
        "MyBehavior.Losses.ValueLoss.mean": {
            "value": 0.001084467616941159,
            "min": 0.00043458255454121783,
            "max": 0.2171354389807675,
            "count": 14
        },
        "MyBehavior.Losses.ValueLoss.sum": {
            "value": 0.005422338084705795,
            "min": 0.002172912772706089,
            "max": 0.86854175592307,
            "count": 14
        },
        "MyBehavior.Policy.LearningRate.mean": {
            "value": 9.858696713800004e-06,
            "min": 9.858696713800004e-06,
            "max": 0.00028901753937510705,
            "count": 14
        },
        "MyBehavior.Policy.LearningRate.sum": {
            "value": 4.929348356900002e-05,
            "min": 4.929348356900002e-05,
            "max": 0.0013462539083915715,
            "count": 14
        },
        "MyBehavior.Policy.Epsilon.mean": {
            "value": 0.10328620000000002,
            "min": 0.10328620000000002,
            "max": 0.19633917857142857,
            "count": 14
        },
        "MyBehavior.Policy.Epsilon.sum": {
            "value": 0.5164310000000001,
            "min": 0.5164310000000001,
            "max": 0.9487512857142859,
            "count": 14
        },
        "MyBehavior.Policy.Beta.mean": {
            "value": 0.00017398138000000003,
            "min": 0.00017398138000000003,
            "max": 0.004817325010714284,
            "count": 14
        },
        "MyBehavior.Policy.Beta.sum": {
            "value": 0.0008699069000000001,
            "min": 0.0008699069000000001,
            "max": 0.022442689157142856,
            "count": 14
        },
        "MyBehavior.IsTraining.mean": {
            "value": 1.0,
            "min": 1.0,
            "max": 1.0,
            "count": 14
        },
        "MyBehavior.IsTraining.sum": {
            "value": 1.0,
            "min": 1.0,
            "max": 1.0,
            "count": 14
        }
    },
    "metadata": {
        "timer_format_version": "0.1.0",
        "start_time_seconds": "1616208250",
        "python_version": "3.7.9 (tags/v3.7.9:13c94747c7, Aug 17 2020, 18:58:18) [MSC v.1900 64 bit (AMD64)]",
        "command_line_arguments": "D:\\Unity\\CMPT419\\venv\\Scripts\\mlagents-learn Assets/Training/test1.yaml --run-id run3 --initialize-from=run2",
        "mlagents_version": "0.25.0",
        "mlagents_envs_version": "0.25.0",
        "communication_protocol_version": "1.5.0",
        "pytorch_version": "1.7.1+cu110",
        "numpy_version": "1.20.1",
        "end_time_seconds": "1616208989"
    },
    "total": 739.1965043,
    "count": 1,
    "self": 0.014601399999946807,
    "children": {
        "run_training.setup": {
            "total": 0.6865538999999998,
            "count": 1,
            "self": 0.6865538999999998
        },
        "TrainerController.start_learning": {
            "total": 738.495349,
            "count": 1,
            "self": 2.186758300008705,
            "children": {
                "TrainerController._reset_env": {
                    "total": 14.619066699999998,
                    "count": 1,
                    "self": 14.619066699999998
                },
                "TrainerController.advance": {
                    "total": 721.6164933999913,
                    "count": 76492,
                    "self": 1.2429210000019566,
                    "children": {
                        "env_step": {
                            "total": 720.3735723999894,
                            "count": 76492,
                            "self": 558.6999966999784,
                            "children": {
                                "SubprocessEnvManager._take_step": {
                                    "total": 160.50854780000554,
                                    "count": 76492,
                                    "self": 3.6568938000036155,
                                    "children": {
                                        "TorchPolicy.evaluate": {
                                            "total": 156.85165400000193,
                                            "count": 43761,
                                            "self": 45.943354999999684,
                                            "children": {
                                                "TorchPolicy.sample_actions": {
                                                    "total": 110.90829900000224,
                                                    "count": 43761,
                                                    "self": 110.90829900000224
                                                }
                                            }
                                        }
                                    }
                                },
                                "workers": {
                                    "total": 1.1650279000054198,
                                    "count": 76492,
                                    "self": 0.0,
                                    "children": {
                                        "worker_root": {
                                            "total": 722.8841950000093,
                                            "count": 76492,
                                            "is_parallel": true,
                                            "self": 387.74942260001836,
                                            "children": {
                                                "steps_from_proto": {
                                                    "total": 0.0006916999999990736,